,Номенклатура,,,Склад
   SF-000003,"Київ К, ІП14, Р7-П-6-78","ІП14, Ракета 7, Промінь, Київ К, 6мм, 78шт",шт,65852
SF-000001,"Київ К, ІП14, Р7-В-3-63","ІП14, Ракета 7, Верхня пластина, Київ К, 3мм, 63шт",шт,22465
SF-000002,"Київ К, ІП14, Р7-Н-3-53","ІП14, Ракета 7, Нижня пластина, Київ К, 3мм, 53шт",шт,19232
SF-000021,Київ К-ІП10-11-П-7-44,"Промінь ІП10, 11inch, Київ К, 7мм, 44шт",шт,2824
    SF-000020,Київ К-ІП-32-9-П-7-51,"Промінь ІП32, 9inch, Київ К, 7мм, 51шт",шт,1200
    SF-000019,Київ К-ІП9/10/31/36/37-9-10-11-Х-3-39,"Хрестик ІП9/10/31/36/37, 9-10-11inch, Київ К, 3мм, 39шт",шт,2000
   SF-000017,Київ К-ІП9/10/31/36/37-9-10-11-В-3-30,"Верхня пластина ІП9/10/31/36/37, 9-10-11inch, Київ К, 3мм, 30шт",шт,2000
   SF-000018,Київ К-ІП9/10/31/36/37-9-10-11-Н-3-14,"Нижня пластина ІП9/10/31/36/37, 9-10-11inch, Київ К, 3мм, 14шт",шт,2000
SF-000007,F610-ІП24-П-7-35,"Промінь, F610 7мм, 35шт.",шт,7200
   SF-000006,КН-Hx10-F610-Х-2-12,"Хрестик (пластина) Hexo-10, F610, 2мм, 12шт",шт,93
   SF-000005,F610-ІП24-Н-3-14,"Нижня пластина, F610' 3мм, 14шт",шт,500
   SF-000004,F610-ІП24-В-3-14,"Верхня пластина, F610' 3мм, 14шт",шт,841
SF-000008,KR-210-415-В-3-28,"Верхня пластина, KR 415/385/355/325/295/265/235/210 3мм, 28шт",шт,1000
SF-000009,KR-10(210)-Н-3-18,"Нижня пластина KR 10inch(210) 3мм,18шт",шт,229
SF-000010,KH-10(210)-П-7-62,"Промінь KH10inch(210) 7мм, 62шт",шт,790
SF-000011,KH-10(210)-Х-4-112,"Хрестик KH10inch(210) 4мм, 112шт",шт,
SF-000041,KR-325-Хв-5-54,"Хрестик верх,KR-325, 5мм, 54шт",шт,
SF-000042,KR-325-Хн-5-54,"Хрестик низ,KR-325, 5мм, 54шт",шт,
SF-000022,KR-235-415-Н-3-24,"Нижня пластина KR 415/385/355/325/295/265/235 3мм, 24шт",шт,
SF-000043,KR-325-К-4-6,"Кришка, KR-325, 4мм, 6шт",шт,100
SF-000044,"Промінь, KR-325, 10мм, 31шт","Промінь, KR-325, 10мм, 31шт",шт,
SF-000027,KF-Пластинка-3-162,"Пластинка, KF, KHARAK-Київ К, 3мм, 162шт",шт,
SF-000045,KR-F-line-Підкладка-10-238,"Підкладка, KR-F-line 10мм, 238шт",шт,
SF-000095,KR-10(210)-V2-Н-3-18,"Нижня пластина KR 10inch(210)-V2 3мм,18шт",шт,
SF-000096,KH-10(210)-V2-П-7-60,"Промінь KH10inch(210) 7мм, 60шт",шт,
SF-000094,KR-10(210)-V2-В-3-28,"Верхня пластина KR 10inch(210)-V2 3мм,28шт",шт,
SF-000013,БІТА10-ІП21-В-2-26,"Верхня Пластина, ІП21, 10inch, БІТА, 2мм, 26шт",шт,92
SF-000016,"Промінь, ІП21, 10inch, БІТА, 6мм, 44шт","Промінь, ІП21, 10inch, БІТА, 6мм, 44шт",шт,
SF-000101,KR-AIR-10- V2.0-Промінь-10-6-76,"Промінь, KR AIR, V2.0, 6мм, 76шт",шт,
SF-000099,KR-AIR-10- V2.0-Н-3-24,"Нижня пластина, KR AIR 10, V2.0, 3мм, 24шт",шт,
SF-000076,KR-9-П-6-92,"Промінь KR-9, 6мм, 92 шт.",шт,
SF-000103,Київ К-RND-34-Лп-2-21,"Ліва пластина, RND 34, Київ, 2мм, 21шт",шт,
SF-000104,Київ К-RND-34-Пп-2-21,"Права пластина, RND 34, Київ, 2мм, 21шт",шт,
FG-000002,FPV-610,F610,шт,
FG-000024,KHARAK 325(розширена кришка),KHARAK 325(розширена кришка),шт,100
FG-000005,FPV-9X,F9X,шт,
SF-000015,БІТА-10-ІП21-Х-3-27,"Хрестик, ІП21, 10inch, БІТА, 3мм, 27шт",шт,
SF-000109,RND-62-68-Н-3-12,"Нижня пластина, RND 62-68, B13A1, ОШБр59, 3мм, 12шт",шт,
SF-000111,RND-72-В-3-8,"Верхня пластина, RND 72, Крук 15"", ОШБр59, 3мм, 8шт",шт,
SF-000113,RND-72-Х-4-20,"Хрестик, RND 72, Крук 15"", ОШБр59, 4мм, 20шт",шт,
SF-000114,RND-72-Промінь-10-17,"Промінь, RND 72, Крук 15"", ОШБр59, 10мм, 17шт",шт,
SF-000100,KR-AIR-10- V2.0-Х-2-45,"Хрестик, KR AIR 10, V2.0, 2мм, 45шт",шт,
SF-000116,KR-7-П-6-106,"Промінь KR-7, 6мм, 106 шт.",шт,
SF-000107,RND-62-68-Х-2-35,"Хрестик, RND 62-68, B13A1, ОШБр59, 2мм, 35шт",шт,
SF-000098,KR-AIR-10- V2.0-В-2-33,"Верхня пластина, KR AIR 10, V2.0, 2мм, 33шт",шт,
SF-000108,RND-68-П-8-25,"Промінь, RND 68, B13A1, ОШБр59, 8мм, 25шт",шт,
SF-000110,RND-68-П-2-41,"Перемичка, RND 68, B13A1, ОШБр59, 2мм, 41шт",шт,
SF-000106,RND-62-68-В-3-10,"Верхня пластина, RND 62-68, B13A1, ОШБр59, 3мм, 10шт",шт,
SF-000014,БІТА-10-ІП21-Н-3-16,"Нижня пластина, ІП21, 10inch, БІТА,  3мм, 16шт",шт,53
SF-000112,RND-72-Н-4-8,"Нижня пластина, RND 72, Крук 15"", ОШБр59, 4мм, 8шт",шт,
SF-000115,RND-72-Перемичка-3-40,"Перемичка, RND 72, Крук 15"", ОШБр59, 3мм, 40шт",шт,
FG-000029,RND-72,RND-72,шт,
FG-000006,FPV-11,F11,шт,
FG-000004,БІТА10,БІТА10,шт,
FG-000028,RND-68,RND-68,шт,
SF-000121,RND-27-Phantom-Нп-5-3-93,"Нижня пластина 5 RND 27, Phantom, 2мм 93шт",шт,
SF-000117,RND-27-Phantom-Бп-1-2-72,"Бокова пластина 1 RND 27, Phantom, 2мм 72шт",шт,
SF-000069,KR-265-V Д-тех-П-8-43,"Промінь, KR-265 V Д-тех, 8мм, 43шт",шт,
SF-000067,KR-265-V Д-тех-Хн-4-75,"Хрестик низ,KR-265 V Д-тех, 4мм, 75шт",шт,
SF-000134,Літак-ІП42-13-Н2-10мм-10шт,"Нервюра 2, ІП42-13, Капітан-Немо, 10мм,  10шт",шт,
SF-000135,Літак-ІП42-14-Н3-4мм-12шт,"Нервюра 3, ІП42-14, Капітан-Немо, 4мм, 12шт",шт,
SF-000142,F613-ІП47-П-10-22,"Промінь, F613 10мм, 22шт.",шт,
SF-000066,KR-265-V Д-тех-Хв-4-75,"Хрестик верх,KR-265 V Д-тех, 4мм, 75шт",шт,
SF-000145,ІП66-ЦДБС-Верх-2-30,"Верхня пластина, ІП66, ЦДБС, 2мм, 30шт",шт,
SF-000151,RND-78-F5-В-3-45,"Верхня пластина, F5 V2, RND 78, Київ К, 3мм, 45шт",шт,550
SF-000150,ІП66-ЦДБС-Промені-10-66,"Промінь, ІП66, ЦДБС, 10мм, 66шт",шт,
SF-000147,ІП66-ЦДБС-Низ-2-49,"Нижня пластина, ІП66, ЦДБС, 2мм, 49шт",шт,
SF-000091,RND-66-F5-Н-3-50,"Нижня пластина, F5, RND 66,Київ К, 3мм, 50шт",шт,
SF-000092,RND-66-F5-Х-3-63,"Хрестик, F5, RND 66, Київ К, 3мм, 63шт",шт,
SF-000152,RND-78-F5-П-5-148,"Промені, F5 V2, RND 78, Київ К, 5мм, 148шт",шт,90
SF-000077,KR-7-8-9-Х-3-138,"Хрестик KR-7-9, 3мм, 138 шт.",шт,
SF-000075,KR-7-8-9-Н-3-32,"Нижня пластина , KR-7-9, 3мм, 32 шт.",шт,
SF-000074,KR-7-8-9-В-2-33,"Верхня пластина , KR-7-9, 2 мм, 33 шт.",шт,
SF-000012,KH-10(210)-Пласт-3-162,"Пластинка KH10inch210 3мм, 162шт",шт,
SF-000068,KR-265-К-3-9,"Кришка, KR-265, 3мм, 9шт",шт,
SF-000158,KR-8-П-6-96,"Промінь KR-8, 6мм, 96 шт.",шт,
SF-000146,ІП66-ЦДБС-Середина-2-56,"Середня пластина, ІП66, ЦДБС, 2мм, 56шт",шт,
SF-000148,ІП66-ЦДБС-Поперечна-2-60,"Поперечна, ІП66, ЦДБС, 2мм, 60шт",шт,
SF-000154,F421-ІП28-Хверх-5-31,"Хрестик верх, F421, 5мм, 35шт.",шт,
SF-000062,F418-retrik-ІП59-П-10-27,"Промені П3, F418-retric 10мм 27шт",шт,
SF-000160,F415-ІП27-Хверх-4-74,"Хрестик верх, ІП27, F415, 4мм, 74шт.",шт,
SF-000064,F418-retrik-ІП59-Хв-5-40,Хрестик верх П3 F418-retric 5мм 40шт,шт,
SF-000159,F415-ІП27-К-3-9,"Кршка, ІП27 F415, 3мм 9шт.",шт,
SF-000157,F421-ІП28-П-10-25,"Промінь, F421 10мм, 25шт.",шт,
SF-000059,F415-421-ІП27-Н-3-26,"Нижня пластина, ІП27, F415-F421, 3мм, 26шт.",шт,
SF-000161,F415-ІП27-Хниз-4-74,"Хрестик низ, ІП27, F415, 4мм, 74шт.",шт,
SF-000153,F421-ІП28-К-3-5,"Кришка, F421, 3мм, 5шт.",шт,
SF-000165,F418-ІП22-К-3-6,"Кришка, ІП22, F418, Київ К, 3мм, 6шт",шт,
SF-000063,F418-retrik-ІП59-Х-5-40,"Хрестик П3 F418-retric , F418 5мм 40шт",шт,
SF-000163,F415-ІП27-П-10-38,"Промінь, F415, 10мм, 38шт.",шт,
SF-000167,Влучник-ІП35-Ракета-8-Каркас-6-2,"Каркас, ІП35, Ракета-8'', Влучник, 6мм 2шт.",шт,
SF-000171,RND-59-Промінь-10-25,"Промінь, Рама 15'', RND 59, 10мм, 25шт",шт,
SF-000058,F415-421-ІП27-В-3-26,"Верхня пластина, ІП27, F415-F421, 3мм, 26шт.",шт,
SF-000172,RND-77-Основа-V3-8-1,"Основа, RND 77, Ракета V3, Konstantun Andreev, 8мм, 1шт.",шт,
SF-000170,RND-59-Хрестик-3-13,"Хрестик, Рама 15'', RND 59, 3мм, 13шт",шт,
SF-000155,F421-ІП28-Хниз-5-31,"Хрестик низ, F421, 5мм, 35шт",шт,
SF-000033,KR-265-Хв-4-75,"Хрестик верх,KR-265, 4мм, 75шт",шт,
SF-000035,KR-265-К-3-9,"Кришка, KR-265, 3мм, 9шт",шт,
SF-000036,KR-265-П-8-43,"Промінь, KR-265, 8мм, 43шт",шт,
SF-000034,KR-265-Хн-4-75,"Хрестик низ,KR-265, 4мм, 75шт",шт,
SF-000173,RND-75-Т-Рекс-Промінь-7-44,"Промінь, RND-75, Т-Рекс, 7мм, 44шт",шт,
SF-000174,RND-80-Ракета-8-inch-7-2,"Основа, RND 80, Ракета 8inch, 7мм, 2шт.",шт,
SF-000179,KR-10(225)-В-3-20,"Верхня пластина KH10inch(225), 3мм, 20шт",шт,
SF-000175,RND-81-Пз-2-42,"Планка Передн, задня, Захист KR-210(225) 2мм, 42шт",шт,
SF-000169,RND-59-Низ-4-5,"Нижня пластина, Рама 15'', RND 59, 4мм, 5шт",шт,
SF-000168,RND-59-Верх-2-8,"Верхня пластина, Рама 15'', RND 59,  2мм, 8шт",шт,
SF-000149,ІП66-ЦДБС-Підтримка-2-374,"Підтримка, ІП66, ЦДБС, 2мм, 374шт",шт,
SF-000057,KR-415-П-10-26,"Промінь, KR-415, 10мм, 26шт",шт,
SF-000056,KR-415-К-4-5,"Кришка, KR-415, 4мм,5шт",шт,
SF-000055,KR-415-Хн-5-32,"Хрестик низ,KR-415, 5мм, 32шт",шт,
SF-000054,KR-415-Хв-5-32,"Хрестик верх,KR-415, 5мм, 32шт",шт,
SF-000162,F415-ІП27-Хрестик-4-74,"Хрестик, ІП27, F415, 4мм, 74шт.",шт,
SF-000144,Київ К-ІП-37-13-П-8-32,"Промінь ІП36, 13inch, Київ К, 8мм, 32шт",шт,
SF-000156,F421-ІП28-Хрестик-5-31,"Хрестик, F421, 5мм, 35шт",шт,
SF-000065,F418-retrik-ІП59-Хн-5-40,Хрестик низ П3 F418-retric 5мм 40шт,шт,
SF-000176,RND-81-Зн-2-27,"Планка закруглення низ, Захист KR-210(225) 2мм, 27шт",шт,
SF-000177,RND-81-Лп-2-21,"Планка Права, ліва, Захист KR-210(225) 2мм, 21шт,",шт,
SF-000178,RND-81-Зв-2-95,"Планка закруглення верх, Захист KR-210(225) 2мм, 95шт",шт,
SF-000181,KH-10(225)-П-7-58,"Промінь KH10inch(225) 7мм, 58шт",шт,
SF-000180,KR-10(225)-Н-3-15,"Нижня пластина KH10inch(225), 3мм,15шт",шт,
SF-000182,KH-10(218-225)-Х-4-109,"Хрестик KH10inch(218-225) 4мм, 109шт",шт,
SF-000183,RND-86-F415-Промінь-8-32,"Промінь, RND86, F413, 8мм, 32шт",шт,
SF-000184,RND-86-F415-Пластина-3-25,"Пластина батареї, RND86, F413, 3мм, 25шт",шт,
SF-000185,RND-74-Т-Рекс-SPNп-6-88,"SPN-пластина, RND-74, Т-Рекс, 6мм, 88шт",шт,
SF-000083,RND-31-ЦДБС-Промені-10-66,"Промінь, RND-31, ЦДБС, 10мм, 66шт",шт,
SF-000188,RND-82-Промінь-10-94,"Промінь, RND 82, Drozd Interceptor, 10мм, 94шт",шт,
SF-000189,RND-88-Ракета-7-inch-10-2,"Основа, RND 88, Ракета 7inch, 10мм, 2шт",шт,
SF-000195,ІП-58-KR-325-V-ВП-Планка-5-12,"Планка з'єднювання, KR 325 V-ВП, 5мм, 12шт",шт,
SF-000196,RND-58-F421-Промінь-10-18,"Промінь, F421 RND 58, 10мм, 18шт",шт,
SF-000187,RND-82-Низ-3-48,"Нижня пластина, RND 82, Drozd Interceptor, 3мм, 48шт",шт,
SF-000186,RND-82-Верх-3-48,"Верхня пластина, RND 82, Drozd Interceptor, 3мм, 48шт",шт,
SF-000197,RND-91-Ракета-7-inch-7-2,"Основа, RND 91, Ракета 7inch, 7мм, 2шт",шт,
SF-000198,RND-92-Ракета-7-inch-7-3,"Основа, RND 92, Ракета 7inch, 7мм, 3шт",шт,
SF-000199,RND-93-Промінь-11inch-8-44,"Складова Промінь, RND 93, Київ К, 8мм, 44шт.",шт,
SF-000078,RND-31-ЦДБС-Верх-2-30,"Верхня пластина, RND-31, ЦДБС, 2мм, 30шт",шт,
SF-000202,RND-60-П-8-50,"Промінь, RND 60, Київ К, 8мм, 50шт",шт,
SF-000201,RND-60-Н-3-36,"Нижня пластина, RND 60, Київ К, 3мм, 36шт",шт,
SF-000200,RND-60-В-3-42,"Верхня пластина, RND 60, Київ К, 3мм, 42шт",шт,
SF-000203,RND-48-ОШ-1-Каркас-8-4,"Каркас 7'', RND 48, 8мм, 4шт",шт,
SF-000079,RND-31-ЦДБС-Середина-2-56,"Середня пластина, RND-31, ЦДБС, 2мм, 56шт",шт,
SF-000204,RND-95-Промінь-Лівий-8-43,"Складова Промінь лівий, RND 95, F411, 8мм, 43шт.",шт,
SF-000206,RND-95-Пластина-2-189,"Складова Пластина ліва, RND 95, F411, 2мм, 189шт.",шт,
SF-000080,RND-31-ЦДБС-Низ-2-49,"Нижня пластина, RND-31, ЦДБС, 2мм, 49шт",шт,
SF-000207,RND-96-Промінь-8-32,"Складова, Промінь, RND 96, F413, 8мм, 32шт.",шт,
SF-000209,RND-96-Планка-Довга-3-84,"Складова, Планка довга, RND 96, F413, 3мм 84шт.",шт,
SF-000212,RND-73-X-FLY-Хрестик-3-44,"Хрестик, RND-73, X-FLY, 3мм, 44шт",шт,
SF-000213,RND-73-X-FLY-Промінь-7-44,"Промінь, RND-73, X-FLY, 7мм, 44шт",шт,
SF-000053,KR-385-П-10-28,"Промінь, KR-385, 10мм, 28шт",шт,
SF-000210,RND-73-X-FLY-Верх-3-36,"Верхня пластина, RND-73, X-FLY, 3мм, 36шт",шт,
SF-000211,RND-73-X-FLY-Низ-3-22,"Нижня пластина, RND-73, X-FLY, 3мм, 22шт",шт,
SF-000050,KR-385-Хв-5-44,"Хрестик верх,KR-385, 5мм, 44шт",шт,
SF-000051,KR-385-Хн-5-44,"Хрестик низ,KR-385, 5мм, 44шт",шт,
SF-000052,KR-385-К-4-5,"Кришка, KR-385, 4мм, 5шт",шт,
SF-000208,RND-96-Планка-Коротка-3-109,"Складова, Планка коротка, RND 96, F413, 3мм 109шт.",шт,
SF-000205,RND-95-Промінь-Правий-8-43,"Складова Промінь правий, RND 95, F411, 8мм, 43шт.",шт,
SF-000215,KR-385-Скайтактік-Н-3-22,"Нижня пластина, KR 385 Скайтактік, 3мм, 22шт",шт,
SF-000217,KR-385-Скайтактік-Хн-5-44,"Хрестик низ, KR 385 Скайтактік, 5мм, 44шт",шт,
SF-000216,KR-385-Скайтактік-Хв-5-44,"Хрестик верх, KR 385 Скайтактік, 5мм, 44шт",шт,
SF-000214,KR-385-Скайтактік-В-широка-3-8,"Верхня пластина розширена, KR 385 Скайтактік, 3мм, 8шт",шт,
SF-000218,RND-89-ПроміньЛ-7-44,"Складова Промінь лівий, RND 89, F411, 7мм, 44шт.",шт,
SF-000219,RND-89-ПроміньП-7-44,"Складова Промінь правий, RND 89, F411, 7мм, 44шт.",шт,
SF-000220,RND-89-90-ПластинаЛ-2-192,"Складова Пластина ліва, RND 89-90, F411, 2мм, 192шт.",шт,
SF-000221,RND-89-90-ПластинаП-2-192,"Складова Пластина права, RND 89-90, F411, 2мм, 192шт.",шт,
SF-000222,RND-90-ПроміньЛ-8-44,"Складова Промінь лівий, RND 90, F411, 8мм, 44шт.",шт,
SF-000223,RND-90-ПроміньП-8-44,"Складова Промінь правий, RND 90, F411, 8мм, 44шт.",шт,
SF-000225,"RND-87-Drozd 9""-Низ-3-26","Нижня пластина, RND 87, Drozd 9"", 3мм, 26шт",шт,13
SF-000226,"RND-87-Drozd 9""-Хрестик-3-67","Хрестик, RND 87, Drozd 9"", 3мм, 67шт",шт,44
SF-000224,"RND-87-Drozd 9""-Верх-2-34","Верхня пластина, RND 87, Drozd 9"", 2мм, 34шт",шт,56
SF-000229,RND-98-Промінь-Лівий-8-32,"Складова Промінь лівий, RND 98, F413, 8мм, 32шт.",шт,
SF-000230,RND-98-Промінь-Правий-8-32,"Складова Промінь правий, RND 98, F413, 8мм, 32шт.",шт,
SF-000232,RND-100-Промінь-8-34,"Складова Промінь, RND 100, F610, 8мм, 34шт.",шт,
SF-000228,"RND-87-Drozd 9""-Перемичка-2-66","Перемичка, RND 87, Drozd 9"", 2мм, 66шт",шт,660
SF-000227,"RND-87-Drozd 9""-Промінь-10-60","Промінь, RND 87, Drozd 9"", 10мм, 60шт",шт,235
SF-000231,RND-98-Пластина-2-112,"Складова Пластина велика, RND 98, F413 F613 F415, 2мм, 112шт.",шт,
SF-000235,RND-94-Промінь-8-25,"Промінь, RND 94, Крук 13"" Retrik, ОШБр 59, 8мм, 25шт",шт,
SF-000237,RND-94-Пластина-3-10,"Пластина, RND 94, Крук 13"" Retrik, ОШБр 59, 3мм, 10шт",шт,
SF-000236,RND-94-Перемичка-2-42,"Перемичка, RND 94, Крук 13"" Retrik, ОШБр 59, 2мм, 42шт",шт,
SF-000238,Літак-ІП68-1-БФЗ-4-4,"Бік фюзеляжу зад, ІП68-1, Капітан-Немо V2, 2мм, 4шт",шт,
SF-000250,Літак-ІП68-13-Н3-4мм-13шт,"Нервюра 3, ІП68-13, Капітан-Немо, 4мм, 13шт",шт,
SF-000241,Літак-ІП68-4-ВФП-4-4,"Верх фюзеляжу перед , ІП68-4, Капітан-Немо, 4мм,  4шт",шт,
SF-000249,Літак-ІП68-12-Н2-10мм-10шт,"Нервюра 2, ІП68-12, Капітан-Немо, 10мм, 10шт",шт,
SF-000244,Літак-ІП68-7-Гачок-3-54,"Гачок пуску, ІП68-7, Капітан-Немо, мм, шт",шт,
SF-000245,Літак-ІП68-8-Кришка-1-9,"Кришка, ІП68-8, Капітан-Немо, 1мм, 9шт",шт,
SF-000194,KR-325-V-ВП-П-10-31,"Промінь, KR-325 V-ВП, 10мм, 31шт",шт,1800
SF-000190,ІП-58-KR-325-V-ВП-В-3-28,"Верхня пластина, KR 325 V-ВП  3мм, 28шт",шт,83
SF-000191,ІП-58-KR-325-V-ВП-Хв-5-54,"Хрестик верх, KR 325 V-ВП, 5мм, 54шт",шт,97
SF-000192,ІП-58-KR-325-V-ВП-Хн-5-54,"Хрестик низ, KR 325 V-ВП, 5мм, 54шт",шт,98
   SF-000258,KR-Line-235-415-Н-3-24,"Нижня пластина KR Line 235-415, 3мм, 24шт",шт,
SF-000261,ІП-58-63-64-KR-325-V-ВП-К-4-6,"Кришка, ІП 58-63-64, KR 325 V-ВП 4мм, 6шт",шт,490
FG-000073,"RND 111, Litavr 7","RND 111, Litavr 7",шт,
SF-000267,RND-107-325-П-10-31,"Промінь, RND 107, KR-325 V-ЦДБС, 10мм, 31шт",шт,
SF-000268,RND-107-KR-325-Підтримка-3-47,"Підтримка батареї RND 107, KR-325 V-ЦДБС, 3мм, 47шт",шт,
SF-000266,RND-107-KR-325-Хн-5-54,"Хрестик низ, RND 107, KR-325 V-ЦДБС, 5мм, 54шт",шт,199
SF-000265,RND-107-KR-325-Хв-5-54,"Хрестик верх, RND 107, KR-325 V-ЦДБС, 5мм, 54шт",шт,120
SF-000269,KR 210-415-В-широкий-3-8,"Розширенний верх KR 210-415 3мм, 8шт",шт,
SF-000102,Київ К-RND-34-Цп-2-47,"Центральна пластина, RND 34, Київ, 3мм, 47шт",шт,
SF-000105,Київ К-RND-34-Зп-2-186,"З'єднувач пластина, RND 34, Київ, 2мм, 186шт",шт,
SF-000272,RND-66-78-F5-2-63,"Хрестик, F5, RND 78, Київ К, 2мм, 63шт",шт,785
SF-000277,RND-112-Ппередній-5-50,"Промінь передній, RND 112, Рама 10"", Приватна особа, 5мм, 50шт",шт,
SF-000274,RND-112-Верх-2-20,"Верхня пластина, RND 112, Рама 10"", Приватна особа, 2мм, 20шт",шт,
SF-000276,RND-112-Нзад-2-31,"Нижня пластина задня, RND 112, Рама 10"", Приватна особа, 2мм, 31шт",шт,
SF-000263,ІП-63-64-KR-325-V-ВП-Планка-5-12,"Планка з'єднювання, ІП 63-64, KR 325 V-ВП, 5мм, 12шт",шт,
SF-000193,ІП-58-KR-325-V-ВП-К-4-6,"Кришка, KR 325 V-ВП 4мм, 6шт",шт,
SF-000234,RND-102-F5-П-5-147,"Промені, F5 V2, RND 102, Київ К, 5мм, 147шт",шт,
SF-000281,RND-118-В-3-42,"Верхня пластина, RND 118, Київ К, 3мм, 42шт",шт,
SF-000282,RND-118-Н-3-36,"Нижня пластина, RND 118, Київ К, 3мм, 36шт",шт,
SF-000283,RND-118-П-8-56,"Промінь, RND 118, Київ К, 8мм, 56шт",шт,
SF-000286,Київ К-ІП70-7-8-9-Нзад-2-28,"Нижня пластина задня ІП70, 7-8-9inch, Київ К, 2мм, 28шт",шт,
SF-000284,Київ К-ІП70-7-8-9-В-3-38,"Верхня пластина, ІП 70, 7-8-9inch, Київ К, 3мм, 38шт",шт,
SF-000288,Київ К-ІП70-8-Пзад-6-54,"Промінь задній, ІП 70 8inch, Київ К, 6мм, 54шт",шт,
SF-000287,Київ К-ІП70-8-Ппер-6-70,"Промінь передній, ІП 70, 8inch, Київ К, 6мм, 70шт",шт,
SF-000049,KF-355(F418)-П-10-29,"Промінь KF, KHARAK-Київ К, 355(F418) 10мм, 29шт",шт,
SF-000285,Київ К-ІП70-7-8-9-Нпер-3-25,"Нижня пластина передня ІП70, 7-8-9inch, Київ К, 3мм, 25шт",шт,
SF-000026,KR-235-П-8-50,"Промінь, KR-235, 8мм, 50шт",шт,
SF-000262,ІП-58-63-64-KR-325-V-ВП-П-10-31,"Промінь, ІП 58-63-64, KR-325 V-ВП, 10мм, 31шт",шт,
SF-000289,Київ К-ІП70-Зам-4-292,"Замок-проставка ІП70, Київ К, 4мм, 292шт",шт,
SF-000299,RND-63-Marun-V2-В-2-14,"Верхня пластина, Marun V1, Phantom, 2мм, 14шт",шт,6500
SF-000298,RND-63-Marun-V2-Фп-3-14,"Фіксуюча пластина, Marun V1, Phantom, 3мм, 14шт",шт,7478
SF-000296,RND-63-Marun-V2-Н-3-36,"Нижня пластина, Marun V1, Phantom, 3мм, 36шт",шт,7563
SF-000297,RND-63-Marun-V2-П-8-50,"Промінь, Marun V1, Phantom, 8мм, 50шт",шт,25000
SF-000301,RND-123-Кріплення-3-10,"Кріплення батареї 15'', ЦДБС, 3мм 10шт.",шт,
SF-000271,RND-66-78-F5-Н-3-50,"Нижня пластина, F5, RND 66-78 ,Київ К, 3мм, 50шт",шт,
,KR-Line-210-415-В-3-28,"Верхня пластина KR Line 210-415, 3мм, 28шт",шт,
,KR-10(218)-Н-3-18,"Нижня пластина KR 10inch(218) 3мм,18шт",шт,93
,KR-10(218)-П-7-60,"Промінь RH10inch(218) 7мм, 60шт",шт,1110
,KR-10(218-225)-Х-4-109,"Хрестик RH10inch(218-225) 4мм, 109шт",шт,1000
,Київ К-ІП9-10-П-7-46,"Промінь ІП9, 10inch, Київ К, 7мм, 46шт",шт,8555
,ІП-73-F11х8-Промінь-Лівий-8-43,"Складова Промінь лівий, F411х8, ІП 73, Київ К, 8мм, 43шт.",шт,400
,ІП-73-F11х8-Промінь-Правий-8-43,"Складова Промінь правий, F411х8, ІП 73, Київ К, 8мм, 43шт.",шт,70
,ІП-73-F11х8-Пластина-2-189,"Складова Пластина мала, F411х8, ІП 73, Київ К, 2мм, 189шт.",шт,
,KF-Пластинка-3-162,,шт,1340
,KR-F-line-Підкладка-10-238,,шт,1340